{"train_accuracy": 0.7369555555555556, "train_f1_score": 0.741623556632397, "test_accuracy": 0.7371, "test_f1_score": 0.7415792922673657}